<?xml version="1.0" encoding="utf-8"?>
<Executed application name=CODM>
<Config>
  <PlayerController>
    <SwitchesInMaps>
      <Map MapName="shooting_range4">
        <Switches>
          <Switch Key="t.MaxFPS" Value="9999999999999999999999999999999999" />
        </Switches>
      </Map>
      <Map MapName="CODM_Forest">
        <Switches>
          <Switch Key="t.MaxFPS" Value="9999999999999999999999999999999999" />
        </Switches>
      </Map>
      <Map MapName="CODM_sland">
        <Switches>
          <Switch Key="t.MaxFPS" Value="9999999999999999999999999999999999" />
        </Switches>
      </Map>
            </Map>
      <Map MapName="CODM_TheDesert">
        <Switches>
          <Switch Key="t.MaxFPS" Value="9999999999999999999999999999999999" />
        </Switches>
      <!-- Add settings for additional maps -->
    </SwitchesInMaps>
  </PlayerController>
  <AimAssistSettings>
    <Value>0.8</Value>
   <AimAssist>
        <FOV>90</FOV>
        <Speed>1<Speed>
        <Target>BOT<Target>
        <Target>enemy player<Target>
   <AimAssist>
  </AimAssistSettings>
</Config>