{
  "version": "1.0",
  "settings": {
    "enable_aim_assist": true,
    "enable_aimlock": true,
    "aimlock_key": "RMB",
    "target_bone": "head",
    "aim_smooth": 0.8,
    "aim_fov": 25,
    "aim_distance": 999,
    "lock_on_target": true
  },
  "aim_assist": {
    "assist_strength": 0.85,
    "prediction": true,
    "prediction_factor": 0.7,
    "auto_track": true,
    "track_smooth": 0.6,
    "assist_on_scope": true
  },
  "recoil_control": {
    "enabled": true,
    "horizontal_recoil": 0.3,
    "vertical_recoil": 0.2,
    "recoil_smooth": 0.9
  },
  "target_zone": {
    "zone_name": "upper_body",
    "priority": "high"
  }
}