<aim_config version="1.0">
    <!-- General Settings -->
    <settings>
        <enable_aim_assist>true</enable_aim_assist>
        <enable_aimlock>true</enable_aimlock>
        <aimlock_key>RMB</aimlock_key> <!-- Example: Right Mouse Button -->
        <target_bone>head</target_bone>
        <aim_smooth>0.8</aim_smooth> <!-- 1.0 = instant, 0.0 = no movement -->
        <aim_fov>25</aim_fov> <!-- degrees -->
        <aim_distance>999</aim_distance> <!-- max targeting range -->
        <lock_on_target>true</lock_on_target>
    </settings>

    <!-- Aim Assist Parameters -->
    <aim_assist>
        <assist_strength>0.85</assist_strength> <!-- 0.0 to 1.0 -->
        <prediction>true</prediction>
        <prediction_factor>0.7</prediction_factor>
        <auto_track>true</auto_track>
        <track_smooth>0.6</track_smooth>
        <assist_on_scope>true</assist_on_scope>
    </aim_assist>

    <!-- Recoil Control -->
    <recoil_control>
        <enabled>true</enabled>
        <horizontal_recoil>0.3</horizontal_recoil>
        <vertical_recoil>0.2</vertical_recoil>
        <recoil_smooth>0.9</recoil_smooth>
    </recoil_control>

    <!-- Custom Zones (for advanced overlay mods) -->
    <target_zone>
        <zone_name>upper_body</zone_name>
        <priority>high</priority>
    </target_zone>
</aim_config>