<Config>
    <BulletTracking enabled="true">
        <MagicBullet>true</MagicBullet>
        <SmartBullet>true</SmartBullet>
        <SmartHitbox>Head</SmartHitbox>
        <Prediction>Ultra</Prediction>
        <BulletMove>true</BulletMove>
    </BulletTracking>

    <AimLock enabled="true">
        <RealAimLock>true</RealAimLock>
        <StickToTarget>true</StickToTarget>
        <Priority>Head</Priority>
        <Smooth>0.1</Smooth>
        <LockRange>100</LockRange>
        <Trigger>Ads</Trigger>
    </AimLock>
</Config>