{
  "module": "CODM Super Aim Assist",
  "game": "com.garena.game.codm",
  "settings": {
    "aim_prediction": "high",
    "aim_assist_strength": 6.0,
    "crosshair_stickiness": 6.2,
    "tracking_smoothness": 6.3,
    "gyroscope_boost": {
      "enabled": true,
      "level": "High"
    },
    "recoil_control": {
      "enabled": true,
      "vertical": 0.7,
      "horizontal": 0.65
    }
  },
  "optimization": {
    "touch_response": "fast",
    "frame_boost": 144,
    "input_delay_reduction": true
  }
}