<CODM_SuperAimAssist>
    <GameTarget>com.garena.game.codm</GameTarget>
    <Settings>
        <AimPrediction>High</AimPrediction>
        <AimAssistStrength>6.0</AimAssistStrength>
        <CrosshairStickiness>6.2</CrosshairStickiness>
        <TrackingSmoothness>6.3</TrackingSmoothness>
        <GyroscopeBoost enabled="true" level="High" />
        <RecoilControl enabled="true" vertical="0.7" horizontal="0.65" />
    </Settings>
    <Optimization>
        <TouchResponse>Fast</TouchResponse>
        <FrameBoost>144</FrameBoost>
        <InputDelayReduction>Enabled</InputDelayReduction>
    </Optimization>
</CODM_SuperAimAssist>