<FastBullet>
    <TargetPackage>com.garena.game.codm</TargetPackage>
    <Settings>
        <FireRateBoost enabled="true" strength="max" />
        <InputLatency>Low</InputLatency>
        <TouchBoost>UltraFast</TouchBoost>
        <BulletPrediction>High</BulletPrediction>
        <HitDelayCompensation enabled="true" />
        <FrameRate>144</FrameRate>
    </Settings>
    <Performance>
        <CPUBoost>true</CPUBoost>
        <GPUBoost>true</GPUBoost>
        <ThermalThrottleBypass>true</ThermalThrottleBypass>
    </Performance>
</FastBullet>