<NoMissBullet>
    <TargetPackage>com.garena.game.codm</TargetPackage>
    <Settings>
        <FireSyncBoost enabled="true" />
        <HitRegistrationAccuracy>Max</HitRegistrationAccuracy>
        <BulletPrediction>Extreme</BulletPrediction>
        <TouchResponse>UltraFast</TouchResponse>
        <InputLatency>Low</InputLatency>
    </Settings>
    <Networking>
        <PingStabilizer enabled="true" mode="hyper" />
        <PacketLossFix enabled="true" />
    </Networking>
    <Performance>
        <FPSBoost>144</FPSBoost>
        <CPUBoost>true</CPUBoost>
        <GPUBoost>true</GPUBoost>
    </Performance>
</NoMissBullet>