<AimAssist>
    <TargetPackage>com.garena.game.codm</TargetPackage>
    <Settings>
        <AimDrag>3.5</AimDrag> <!-- super sticky drag -->
        <CrosshairFriction>3.3</CrosshairFriction> <!-- high stickiness -->
        <TrackingSmoothness>3.7</TrackingSmoothness> <!-- smoother follow -->
        <GyroscopeAssist enabled="true" level="high" />
        <ADS_SnapHelp enabled="true" strength="strong" />
        <TouchResponse>UltraFast</TouchResponse>
    </Settings>
    <Recoil>
        <Vertical>0.60</Vertical>
        <Horizontal>0.60</Horizontal>
        <StabilityBoost>true</StabilityBoost>
    </Recoil>
    <Performance>
        <InputBoost>true</InputBoost>
        <FPSBoost>144</FPSBoost>
    </Performance>
</AimAssist>