{
  "module": "Super Sticky Aim Assist - CODM",
  "target_package": "com.garena.game.codm",
  "settings": {
    "aim_drag": 4.5,
    "crosshair_friction": 4.3,
    "tracking_smoothness": 4.7,
    "gyro_assist": {
      "enabled": true,
      "level": "high"
    },
    "ads_snap_help": {
      "enabled": true,
      "strength": "strong"
    },
    "touch_response": "ultrafast"
  },
  "recoil": {
    "vertical": 0.6,
    "horizontal": 0.6,
    "stability_boost": true
  },
  "performance": {
    "input_boost": true,
    "fps_boost": 144
  }
}