<?xml version="1.0" ?>
<CODM_Config>
  <Script_CODMGameInstance>
    <AIM_predict>Ultra</AIM_predict>
    <r_bulletmove>True</r_bulletmove>
    <recoilvision>False</recoilvision>
    <ShootWeaponRecoil>False</ShootWeaponRecoil>
    <recoilfacktor>0.1</recoilfacktor>
    <recoil>0.1</recoil>
    <r_Recoil>0.1</r_Recoil>
    <r_HRecoil>0.05</r_HRecoil>
    <r_VerticalRecoil>0.05</r_VerticalRecoil>
    <r_HorizontalRecoil>0.05</r_HorizontalRecoil>
    <r_AK47ScopRecoil>0.01</r_AK47ScopRecoil>
  </Script_CODMGameInstance>
  <Script_CODMAutoAimingConfig>
    <r_followTimeMax>0.05</r_followTimeMax>
    <r_MaxAngle>90</r_MaxAngle>
  </Script_CODMAutoAimingConfig>
  <Script_CODMWeaponHitPartCoff>
    <r_Head>3.5</r_Head>
    <r_Body>1.5</r_Body>
    <r_Limbs>1.2</r_Limbs>
    <r_Hand>1.1</r_Hand>
    <r_Foot>1.0</r_Foot>
  </Script_CODMWeaponHitPartCoff>
</CODM_Config>