{
  "Script_CODMGameInstance": {
    "AIM_predict": "Ultra",
    "r_bulletmove": "True",
    "recoilvision": "False",
    "ShootWeaponRecoil": "False",
    "recoilfacktor": "0.1",
    "recoil": "0.1",
    "r_Recoil": "0.1",
    "r_HRecoil": "0.05",
    "r_VerticalRecoil": "0.05",
    "r_HorizontalRecoil": "0.05",
    "r_AK47ScopRecoil": "0.01"
  },
  "Script_CODMAutoAimingConfig": {
    "r_followTimeMax": "0.05",
    "r_MaxAngle": "90"
  },
  "Script_CODMWeaponHitPartCoff": {
    "r_Head": "3.5",
    "r_Body": "1.5",
    "r_Limbs": "1.2",
    "r_Hand": "1.1",
    "r_Foot": "1.0"
  }
}